{"cameraMode":{"drawMode":0,"name":"Shaded","section":"Shading Mode"},"sceneLighting":true,"audioPlay":false,"sceneViewState":{"m_AlwaysRefresh":false,"showFog":true,"showSkybox":true,"showFlares":true,"showImageEffects":true,"showParticleSystems":true,"showVisualEffectGraphs":true,"m_FxEnabled":true},"in2DMode":false,"pivot":{"x":-0.00419999985024333,"y":0.0019900002516806127,"z":0.00215000007301569},"rotation":{"x":-0.6591944694519043,"y":0.03335979953408241,"z":-0.029286615550518037,"w":-0.7506752610206604},"size":0.0815141499042511,"orthographic":true}